time,F_net,F_net_terrestrial,F_down_terrestrial,F_net_solar,Lat,Lon,TCC,Alt,F_up_solar,F_up_terrestrial,SIC,F_down_solar_sim,airplane,F_down_solar_corr,F_down_solar,F_down_solar_uncorr
2022-03-12 12:03:20,,,,,77.51616,-9.577096,0.0054016113,12579.678,,,91.0,193.57889,HALO,0.0,,
2022-03-13 09:50:00,-124.41659,-142.6339,13.668005,18.217308,77.501564,-9.274163,0.0054016113,11927.271,110.47861,156.30191,92.0,126.844955,HALO,0.0,120.13309,
2022-03-13 09:51:40,-126.24153,-144.98659,13.400041,18.745052,77.53683,-9.530135,0.0054016113,11924.87,107.28105,158.38663,92.125,125.818504,HALO,0.0,119.028694,
2022-03-13 12:10:00,,,,,83.07114,-3.8683553,0.04537964,12491.529,,,99.0,80.56919,HALO,0.0,,
2022-03-13 13:10:00,,,,,85.01102,-4.3556485,0.042938232,12460.391,,,98.0,36.638386,HALO,0.0,,
2022-03-14 11:46:40,,,,,89.252815,-3.1702387,0.0,10867.572,,,100.875,,HALO,0.0,,
2022-03-14 11:48:20,,,,,89.36117,-9.752971,0.0,10866.406,,,101.0,,HALO,0.0,,
2022-03-14 11:51:40,,,,,89.294395,-30.678541,0.0,10854.99,,,101.0,,HALO,0.0,,
2022-03-14 11:53:20,,,,,89.0562,-32.786015,0.0,10847.536,,,100.0,,HALO,0.0,,
2022-03-14 11:55:00,,,,,88.88651,-36.866505,0.0,10840.104,,,100.0,,HALO,0.0,,
2022-03-14 11:56:40,,,,,88.700806,-40.091934,0.0,10831.22,,,100.0,,HALO,0.0,,
2022-03-14 11:58:20,,,,,88.50635,-42.57,0.0,10822.147,,,100.0,,HALO,0.0,,
2022-03-14 12:00:00,,,,,88.316986,-44.41386,0.0,10811.262,,,100.0,,HALO,0.0,,
2022-03-14 12:01:40,,,,,88.12643,-45.875767,0.0,10799.373,,,99.76471,,HALO,0.0,,
2022-03-14 12:03:20,,,,,87.91476,-47.388504,0.0,10789.867,,,100.0,,HALO,0.0,,
2022-03-14 12:05:00,,,,,87.73178,-48.460598,0.0,10782.245,,,100.0,,HALO,0.0,,
2022-03-14 12:06:40,,,,,87.53724,-49.285145,0.0,10773.481,,,99.882355,,HALO,0.0,,
2022-03-14 12:08:20,,,,,87.33258,-50.01482,0.0,10764.575,,,100.0,,HALO,0.0,,
2022-03-14 12:10:00,,,,,87.134384,-50.61886,0.0,10756.803,,,100.0,,HALO,0.0,,
2022-03-14 12:11:40,,,,,86.93612,-51.14019,0.0,10748.211,,,100.0,,HALO,0.0,,
2022-03-14 12:13:20,,,,,86.732056,-51.608475,0.0,10740.31,,,99.882355,,HALO,0.0,,
2022-03-14 12:15:00,,,,,86.533066,-52.009968,0.0,10730.661,,,99.375,,HALO,0.0,,
2022-03-14 12:16:40,,,,,86.33461,-52.365448,0.0,10720.707,,,99.23529,,HALO,0.0,,
2022-03-14 12:18:20,-212.02469,-200.38496,17.411736,-11.6129875,86.128784,-52.69467,0.0,10712.657,22.584229,217.7967,99.411766,0.6496263,HALO,0.0,10.8383665,
2022-03-14 12:20:00,-207.1123,-195.7203,17.423239,-11.392006,85.92942,-52.98132,0.0,10705.526,25.106297,213.14354,100.0,1.9329433,HALO,0.0,12.645472,
2022-03-14 12:21:40,-202.44707,-191.97734,17.344688,-10.469718,85.72788,-53.243786,0.0,10697.763,25.107534,209.32202,100.0,3.7326941,HALO,0.0,13.082852,
2022-03-14 12:23:20,-182.52586,-177.71822,16.02458,-4.8076234,85.52402,-53.48481,0.0,10689.983,22.843496,193.7428,99.882355,5.7649927,HALO,0.0,16.038277,
2022-03-14 12:25:00,-179.18768,-177.52449,17.511538,-1.6631898,85.32208,-53.702415,0.0,10684.098,21.123316,195.03604,100.0,7.941718,HALO,0.0,17.768782,
2022-03-14 12:26:40,-178.7559,-180.20235,18.525772,1.4464611,85.16353,-53.861134,0.0,10677.763,19.898367,198.72813,100.0,9.76163,HALO,0.0,19.500858,
2022-03-14 12:28:20,,,,,85.00227,-53.629513,0.0,10672.857,,,100.0,12.153013,HALO,0.0,,
2022-03-14 12:31:40,,,,,85.06794,-54.65819,0.0,10780.496,,,100.0,11.544312,HALO,0.0,,
2022-03-14 12:33:20,,,,,85.16119,-53.34067,0.0,11072.822,,,100.0,12.339361,HALO,0.0,,
2022-03-14 12:35:00,,,,,85.29457,-51.563644,0.0,11422.302,,,100.0,13.117255,HALO,0.0,,
2022-03-14 12:36:40,-186.30179,-178.19434,14.691762,-8.107442,85.4252,-49.6571,0.0,11578.039,32.402172,192.8861,99.82353,13.793299,HALO,0.0,21.701406,
2022-03-14 12:38:20,-191.85352,-181.44395,15.493904,-10.409558,85.55318,-47.595085,0.0,11582.562,34.21678,196.93787,100.0,14.391624,HALO,0.0,22.367567,
2022-03-14 12:40:00,,,,,85.67249,-45.47302,0.0,11587.651,,,100.0,14.913966,HALO,0.0,,
2022-03-14 12:41:40,-210.89413,-197.52048,16.174994,-13.373677,85.78539,-43.227734,0.0,11592.278,37.287876,213.69547,100.0,15.389668,HALO,0.0,24.312637,
2022-03-14 12:43:20,,,,,85.89414,-40.804596,0.0,11598.169,,,100.0,15.821957,HALO,0.0,,
2022-03-14 12:45:00,,,,,85.99003,-38.39757,0.0,11601.628,,,100.0,16.184296,HALO,0.0,,
2022-03-14 12:46:40,-204.48169,-191.2323,12.663481,-13.249404,86.077576,-35.90141,0.0,11607.147,36.923935,203.89578,99.94118,16.491215,HALO,0.0,22.588785,
2022-03-14 12:48:20,-204.66331,-186.80078,13.473087,-17.86254,86.1609,-33.176277,0.0,11611.535,41.387794,200.27386,98.76471,16.750917,HALO,0.0,23.215282,
2022-03-14 12:50:00,-207.5608,-183.95937,12.335901,-23.601446,86.23349,-30.410206,0.0,11617.432,43.7554,196.29527,99.375,16.948187,HALO,0.0,24.160933,
2022-03-14 12:51:40,-202.6031,-191.43698,13.473212,-11.166121,86.29702,-27.537304,0.0,11623.037,35.87681,204.9102,99.52941,17.087784,HALO,0.0,23.53382,
2022-03-14 12:53:20,-196.62065,-187.47581,13.36534,-9.144848,86.35206,-24.506083,0.0,11629.636,33.323498,200.84113,99.76471,17.1755,HALO,0.0,23.844856,
2022-03-14 12:55:00,-192.91702,-182.52141,13.785138,-10.395617,86.39537,-21.501581,0.0,11634.295,35.440216,196.30655,99.9375,17.201456,HALO,0.0,23.810392,
2022-03-14 12:56:40,-180.99176,-160.34073,13.796156,-20.651041,86.42859,-18.422333,0.0,11640.284,46.291786,174.13689,99.82353,17.172314,HALO,0.0,23.987782,
2022-03-14 12:58:20,-180.7518,-163.50392,13.334049,-17.247885,86.45184,-15.211995,0.0,11645.829,42.475586,176.83798,100.0,17.084274,HALO,0.0,23.848654,
2022-03-14 13:00:00,-184.81978,-176.45432,13.716309,-8.365471,86.46376,-12.058492,0.0002861023,11651.187,35.024456,190.17062,100.0,16.94118,HALO,0.0,23.505825,
2022-03-14 13:01:40,-191.91333,-176.94598,13.088348,-14.967369,86.46485,-8.893015,0.0,11657.848,40.5605,190.03432,99.588234,16.7433,HALO,0.0,22.992256,
2022-03-14 13:03:20,-181.77443,-152.22403,12.341674,-29.550392,86.457214,-6.1233196,0.03578186,11665.645,56.328632,164.5657,99.916664,16.526772,HALO,0.0,22.658392,
2022-03-15 13:00:00,-79.60223,-122.46734,19.811903,42.86512,76.90641,-7.819695,0.034443248,12668.228,192.49196,142.27924,100.0,238.69196,HALO,0.0,236.32407,
2022-03-15 13:01:40,-87.35563,-125.32316,19.075893,37.967537,76.924736,-8.539496,0.022512997,12658.18,196.02866,144.39906,99.82353,238.43752,HALO,0.0,236.01785,
2022-03-15 13:03:20,-94.05437,-135.96632,19.401371,41.911957,76.9445,-9.420448,0.0017305262,12647.434,192.6032,155.3677,97.0,238.17462,HALO,0.0,236.27597,
2022-03-15 13:05:00,-92.490616,-140.18831,20.446102,47.69769,76.95591,-9.994506,0.0,12634.962,189.40689,160.6344,95.6,238.01782,HALO,0.0,236.6521,
2022-03-15 13:28:20,-99.822945,-181.42047,18.153202,81.597534,76.598854,-11.518726,0.02775065,12626.122,159.83705,199.57368,86.53333,243.59766,HALO,0.0,240.81755,
2022-03-15 13:30:00,-100.95364,-154.64626,18.83283,53.6926,76.50685,-10.79916,0.0,12637.957,188.73857,173.47906,92.9375,244.74695,HALO,0.0,242.53569,
2022-03-15 13:31:40,-89.96415,-141.73991,18.265467,51.775772,76.407814,-10.052501,0.0,12646.165,192.16815,160.00537,97.17647,245.87112,HALO,0.0,243.5426,
2022-03-15 13:33:20,-88.97417,-140.35818,18.016256,51.384026,76.30457,-9.301919,0.0,12660.894,190.99992,158.37444,98.70588,246.93385,HALO,0.0,244.07784,
2022-03-15 13:35:00,-74.04619,-145.6754,18.121824,71.62922,76.2022,-8.583708,0.0,12675.588,171.39961,163.79723,63.875,247.88246,HALO,0.0,244.85019,
2022-03-15 13:36:40,-67.061386,-138.78247,18.025078,71.721085,76.09775,-7.8755646,0.0,12684.929,175.01024,156.80754,26.17647,248.74184,HALO,0.0,245.83073,
2022-03-15 13:38:20,-74.05568,-145.09554,18.014542,71.039856,75.98822,-7.1584344,0.0011937758,12698.706,175.75867,163.11006,49.52941,249.54329,HALO,0.0,246.55362,
2022-03-15 13:40:00,-73.0154,-146.47325,17.779926,73.45785,75.88303,-6.492145,0.03077189,12710.916,174.92618,164.25317,0.06666667,250.21953,HALO,0.0,247.092,
2022-04-04 16:16:40,,,,,67.813774,20.32229,0.0,504.33823,,,127.0,117.6583,HALO,0.0,,
2022-04-08 11:05:00,295.16113,-215.31166,27.782917,510.47278,70.22603,17.979925,0.0,10328.301,78.82477,243.09457,0.0,580.31934,HALO,0.0,574.19226,
2022-04-08 11:06:40,300.31442,-216.45743,26.079575,516.77185,70.11456,18.102345,0.0,10328.879,76.60694,242.53699,0.0,582.41,HALO,0.0,575.96716,
2022-04-08 11:08:20,296.3859,-215.16843,26.589182,511.55435,69.920105,18.31371,0.0,10332.674,85.66297,241.7576,31.75,586.01807,HALO,0.0,579.6927,
2022-04-08 11:10:00,190.8609,-208.95947,26.206772,399.8204,69.72509,18.521564,0.0,10335.857,203.1426,235.16624,127.0,589.5633,HALO,0.0,584.4445,
2022-04-08 11:11:40,166.76811,-206.3532,25.026983,373.12134,69.52503,18.730604,0.0,10167.943,255.9347,231.3802,127.0,592.7388,HALO,0.0,588.6894,
2022-04-08 11:13:20,172.40776,-204.60962,22.978775,377.01743,69.34336,18.917107,0.0,9228.596,272.51376,227.58842,127.0,593.5505,HALO,0.0,589.1518,
2022-04-08 11:15:00,,,,,69.181526,19.080427,0.0,8270.131,,,127.0,594.03107,HALO,0.0,,
2022-04-08 11:16:40,,,,,69.036,19.224854,0.0,7471.4873,,,127.0,594.34845,HALO,0.0,,
2022-04-08 11:18:20,,,,,68.902405,19.355124,0.0,6752.4736,,,127.0,594.35205,HALO,0.0,,
2022-04-08 11:20:00,,,,,68.76837,19.482292,0.0,6062.962,,,127.0,593.9174,HALO,0.0,,
2022-04-08 11:21:40,,,,,68.62506,19.616238,0.0,5289.1553,,,127.0,592.46246,HALO,0.0,,
2022-04-08 11:23:20,,,,,68.48482,19.745718,0.0,4420.51,,,127.0,586.7793,HALO,0.0,,
2022-04-08 11:25:00,,,,,68.34696,19.871172,0.023954503,3553.9548,,,127.0,577.42267,HALO,0.0,,
2022-04-08 11:26:40,,,,,68.211075,19.993338,0.033935547,2831.0388,,,127.0,569.5055,HALO,0.0,,
2022-04-08 11:28:20,,,,,68.11361,20.080164,0.033935547,2556.483,,,127.0,566.77234,HALO,0.0,,
2022-04-10 10:18:20,,,,,70.34774,21.01525,0.006378174,11647.147,,,0.0,594.4551,HALO,0.0,,
2022-04-10 10:20:00,,,,,70.488846,21.07329,0.0056278002,11650.45,,,0.0,591.76227,HALO,0.0,,
2022-04-10 10:21:40,,,,,70.70406,21.163345,0.0,11654.591,,,0.0,587.6118,HALO,0.0,,
2022-04-10 10:23:20,260.81918,-189.05075,27.845264,449.86993,70.91177,21.253977,0.01455485,11660.232,130.23634,216.89601,0.0,583.5672,HALO,0.0,576.8533,
2022-04-10 10:25:00,249.86299,-191.94473,25.794193,441.8077,71.046295,21.322828,0.015594482,11663.151,131.93935,217.73892,0.0,580.9263,HALO,0.0,573.5199,
2022-04-10 15:51:40,-33.54403,-217.53337,24.154095,183.98935,70.65684,18.988775,0.002532959,11662.764,64.40442,241.68747,0.0,255.08383,HALO,0.0,247.96548,
2022-04-10 15:53:20,-31.356192,-219.25446,23.881815,187.89822,70.48502,19.07962,0.0017414093,11660.25,55.634197,243.13626,0.0,252.65422,HALO,0.0,245.15189,
2022-04-10 15:55:00,-36.481068,-217.8877,24.651373,181.40665,70.26618,19.186947,0.0,11655.011,62.540062,242.53908,89.64706,249.54333,HALO,0.0,243.20636,
2022-04-10 15:56:40,,,,,70.0419,19.295084,0.0,11647.944,,,127.0,246.25328,HALO,0.0,,
2022-04-10 15:58:20,,,,,69.828354,19.395588,0.0,11237.807,,,125.3125,242.32074,HALO,0.0,,
2022-04-10 16:00:00,,,,,69.62719,19.488668,0.0,10444.447,,,99.94118,237.5842,HALO,0.0,,
2022-04-10 16:01:40,,,,,69.42413,19.580742,0.0,9460.546,,,117.47059,232.08533,HALO,0.0,,
2022-04-10 16:03:20,,,,,69.232475,19.666029,0.0,8474.365,,,127.0,226.10788,HALO,0.0,,
2022-04-10 16:05:00,,,,,69.05377,19.744167,0.0,7513.596,,,127.0,219.0598,HALO,0.0,,
2022-04-10 16:06:40,,,,,68.89025,19.814632,0.0,6530.0537,,,127.0,210.7585,HALO,0.0,,
2022-04-10 16:08:20,,,,,68.745094,19.882957,0.0,5581.053,,,127.0,201.78761,HALO,0.0,,
2022-04-10 16:10:00,,,,,68.60862,19.980972,0.0,4619.9727,,,127.0,191.536,HALO,0.0,,
2022-04-10 16:11:40,,,,,68.467026,20.086567,0.0,3636.186,,,127.0,180.46332,HALO,0.0,,
2022-04-10 16:13:20,,,,,68.33695,20.182346,0.0,2854.9495,,,127.0,171.40929,HALO,0.0,,
2022-04-10 16:15:00,,,,,68.22877,20.26133,0.0,2375.4236,,,127.0,164.52666,HALO,0.0,,
2022-04-10 16:16:40,,,,,68.11985,20.340145,0.0,2200.891,,,127.0,159.30637,HALO,0.0,,
2022-04-10 16:18:20,,,,,68.039246,20.40626,0.0,1707.3057,,,127.0,152.99281,HALO,0.0,,
2022-04-10 16:20:00,,,,,67.98035,20.516708,0.0,1364.2611,,,127.0,146.92732,HALO,0.0,,
2022-04-10 16:21:40,,,,,67.90964,20.492064,0.0,1008.21826,,,127.0,141.08032,HALO,0.0,,
2022-04-10 16:23:20,,,,,67.856705,20.39821,0.0,658.1766,,,127.0,136.52516,HALO,0.0,,
2022-04-10 16:25:00,,,,,67.830284,20.351444,0.0,481.50272,,,127.0,134.19621,HALO,0.0,,
2022-04-11 10:35:00,-97.755486,-166.92256,28.761833,69.16709,85.230934,11.018909,0.039204914,11533.876,205.86034,195.6844,100.0,279.68448,HALO,0.0,275.45657,
2022-04-11 10:36:40,-94.32283,-166.84708,28.70649,72.52426,85.39928,12.1630535,0.011605656,11533.304,199.40735,195.55359,100.0,276.43164,HALO,0.0,272.17358,
2022-04-11 10:38:20,-93.89285,-167.64098,28.408377,73.74812,85.58842,13.566204,0.015895844,11533.624,194.27295,196.04933,100.0,272.68497,HALO,0.0,268.23932,
2022-04-11 10:40:00,-92.82794,-167.87425,28.502293,75.0463,85.77475,15.096369,0.015073888,11532.98,188.79858,196.37656,99.882355,268.87915,HALO,0.0,264.38956,
2022-04-11 10:41:40,-102.23436,-167.41809,28.299938,65.18373,85.94213,16.59099,0.0049954928,11532.689,188.24329,195.71805,100.0,265.36176,HALO,0.0,261.30054,
2022-04-11 10:43:20,,,,,85.97833,20.057999,0.0,11528.094,,,100.0,264.68427,HALO,0.0,,
2022-04-11 10:46:40,-64.51773,-167.53154,27.611177,103.01381,85.96063,17.210049,0.006439209,11534.559,175.35637,195.14272,100.0,265.09644,HALO,0.0,260.66867,
2022-04-11 10:48:20,-82.67194,-166.08163,28.241127,83.409676,86.10111,16.68694,0.010625839,11533.896,177.54669,194.32275,99.6875,261.94528,HALO,0.0,258.02057,
2022-04-11 10:50:00,-95.54269,-163.46393,28.267567,67.921234,86.30819,15.665285,0.016601562,11532.539,184.13045,191.73149,100.0,257.27527,HALO,0.0,253.27428,
2022-04-11 10:51:40,-102.676704,-160.16899,28.421917,57.49228,86.52004,14.472499,0.016176112,11532.115,190.10419,188.59091,100.0,252.49281,HALO,0.0,248.64088,
2022-04-11 10:53:20,-95.946304,-159.57034,28.42708,63.624023,86.724724,13.164494,0.012056351,11531.779,179.08133,187.9974,99.9375,247.83984,HALO,0.0,244.23149,
2022-04-11 10:55:00,-90.12449,-160.3401,28.643066,70.215614,86.85411,12.24886,0.010620117,11528.742,170.22992,188.98315,100.0,244.88376,HALO,0.0,241.44817,
2022-04-11 11:08:20,-211.50719,-149.25604,30.349129,-62.251144,88.43112,-12.26413,0.0,9519.012,183.68898,179.60518,96.0,202.82632,HALO,0.0,198.31544,
2022-04-11 11:18:20,,,,,88.72753,-26.87749,0.0,4383.8193,,,100.0,176.50523,HALO,0.0,,
2022-04-11 11:46:40,-54.47442,-120.39947,92.0133,65.92505,86.90941,11.80647,0.010620117,4391.1064,156.49612,212.41277,100.0,217.66602,HALO,0.0,224.25586,
2022-04-11 11:48:20,-52.040005,-121.00626,91.95611,68.966255,86.84535,12.2911215,0.01109532,4391.7505,156.29277,212.96237,100.0,218.89438,HALO,0.0,225.58257,
2022-04-11 11:50:00,-53.291523,-122.70776,90.93734,69.416245,86.76442,12.877561,0.012481689,4391.776,154.48398,213.64511,99.8,220.44292,HALO,0.0,224.43704,
2022-04-11 11:51:40,-64.04272,-124.387886,90.12951,60.34517,86.603325,13.952713,0.015838623,4393.214,159.81055,214.5174,100.0,223.48026,HALO,0.0,219.92564,
2022-04-11 11:53:20,-65.21033,-124.62756,89.67787,59.417236,86.45128,14.871218,0.01828003,4392.8857,166.1788,214.30545,100.0,226.28061,HALO,0.0,225.7334,
2022-04-11 11:55:00,-65.57104,-125.200226,89.74209,59.62919,86.35042,15.434766,0.015590892,4393.3564,167.21338,214.9423,100.0,228.10857,HALO,0.0,227.02382,
2022-04-11 11:56:40,-63.64996,-125.72044,89.58276,62.070477,86.222565,16.105381,0.011361515,4393.116,167.22522,215.3032,99.882355,230.38858,HALO,0.0,229.18428,
2022-04-11 11:58:20,-61.57597,-127.016174,89.23048,65.440216,86.09787,16.714905,0.007183075,4393.189,166.62292,216.24667,99.625,232.58,HALO,0.0,231.76286,
2022-04-11 12:00:00,-60.142155,-128.79733,88.3114,68.655174,86.014626,17.100693,0.0053456626,4393.594,164.43434,217.10875,100.0,234.03242,HALO,0.0,233.03809,
2022-04-11 12:05:00,,,,,85.590126,13.410621,0.0126953125,8168.9277,,,100.0,263.9151,HALO,0.0,,
2022-04-11 12:06:40,-113.94875,-160.66782,31.736341,46.719055,85.47183,12.480276,0.016615648,8866.535,183.0988,192.40414,99.92308,268.39383,HALO,0.0,266.77515,
2022-04-11 12:08:20,-109.164925,-160.92015,31.304405,51.75521,85.34841,11.563883,0.042796742,9474.519,181.709,192.22455,100.0,272.60495,HALO,0.0,269.99756,
2022-04-11 15:55:00,,,,,67.81622,20.326523,0.0,491.06705,,,127.0,204.59952,HALO,0.0,,
2022-04-12 11:15:00,-104.43132,-146.62733,27.911087,42.196014,89.15303,6.763644,0.033233643,11457.412,151.32695,174.53842,100.0,201.49304,HALO,0.0,198.34943,
2022-04-12 11:16:40,-103.06497,-146.97034,28.141275,43.90536,89.062126,11.60253,0.023475198,11457.813,152.73747,175.1116,99.94118,203.57866,HALO,0.0,200.17546,
2022-04-12 11:18:20,-102.94975,-146.78006,28.237026,43.830307,88.94241,16.641626,0.0024668376,11459.286,154.92844,175.01709,99.833336,206.17137,HALO,0.0,202.0785,
2022-04-12 11:20:00,-92.46073,-147.68216,27.615992,55.221416,88.66452,15.104187,0.015319824,11462.395,160.41638,175.29814,96.77778,212.4597,HALO,0.0,208.94063,
2022-04-12 11:21:40,-102.31971,-146.97316,27.996265,44.653442,88.57121,12.901056,0.010620117,11462.096,164.31111,174.96944,97.5,214.64195,HALO,0.0,210.83022,
2022-04-12 11:28:20,-168.24023,-140.90263,28.25485,-27.337608,88.11132,-5.9604306,0.0,8048.369,179.5467,169.15749,98.5,217.19125,HALO,0.0,198.64413,
2022-04-12 12:03:20,-62.549213,-84.64801,137.89636,22.098797,88.89603,18.312656,0.0,3192.8926,104.858765,222.54437,100.0,175.82645,HALO,0.0,126.24736,
2022-04-12 12:05:00,-53.230595,-84.1953,138.6243,30.964703,88.802536,18.552103,0.0025756836,3192.1926,109.00162,222.8196,99.8,177.60107,HALO,0.0,137.92926,
2022-04-12 12:06:40,-55.089985,-86.17091,136.5137,31.080923,88.75042,17.409834,0.006439209,3192.3628,108.34992,222.6846,97.75,178.77615,HALO,0.0,138.7676,
2022-04-12 12:10:00,-50.405716,-82.57912,140.17416,32.1734,88.45695,10.837101,0.0,3188.6494,100.067795,222.75328,100.0,185.46123,HALO,0.0,131.98294,
2022-04-12 12:20:00,,,,,87.96478,-3.5775924,0.0,5476.6206,,,98.5,209.90614,HALO,0.0,,
2022-03-28 16:21:40,-90.57374,-153.77696,109.4643,63.20321,78.81683,9.972413,0.0076904297,2956.4917,25.351482,263.24124,0.0,98.16311,P5,88.5546875,,67.22157
2022-03-28 16:23:20,-91.61561,-152.1533,109.94654,60.5377,78.8579,10.196609,0.0076904297,2952.3447,27.048794,262.09985,0.17,95.91831,P5,87.58649444580078,,73.85829
2022-03-28 16:25:00,-92.62,-149.30176,110.31153,56.681763,78.9145,10.491729,0.0076904297,2949.1533,27.784988,259.61328,0.0,92.97479,P5,84.46675109863281,,69.01422
2022-03-28 16:26:40,-90.24729,-153.32512,111.08039,63.077847,78.948326,10.672986,0.0076904297,2945.273,22.60975,264.40552,0.0,91.227615,P5,85.68759155273438,,72.98807
2022-03-29 08:56:40,-41.33261,-111.93412,132.38277,70.6015,78.47282,12.550875,0.0368042,2388.4463,136.04378,244.31686,127.0,232.6558,P5,206.64527893066406,,212.16483
2022-03-29 08:58:20,-55.94885,-112.1267,131.92567,56.177853,78.45698,12.762181,0.0368042,2400.1348,156.41386,244.05238,127.0,234.10405,P5,212.59170532226562,,223.26143
2022-03-29 09:00:00,-73.88595,-109.09568,132.24365,35.209755,78.42975,13.126243,0.0368042,2402.439,182.56015,241.33934,127.0,236.42587,P5,217.76988220214844,,231.84764
2022-03-29 09:01:40,-43.892166,-104.9102,132.6813,61.018036,78.413635,13.3386,0.0368042,2391.4597,158.32812,237.59152,127.0,237.68811,P5,219.34617614746094,,237.46619
2022-03-30 12:01:40,67.72961,-142.80347,126.23039,210.53308,78.97411,11.180622,0.024932861,2943.0117,52.18758,269.03387,85.53061,275.32764,P5,262.7206726074219,,245.92479
2022-03-30 12:03:20,75.705574,-145.212,126.00691,220.91757,78.99043,10.880185,0.024932861,2943.8848,39.857086,271.21887,0.0,274.9724,P5,260.774658203125,,241.3059
2022-03-30 12:05:00,72.10945,-146.05269,124.56751,218.16216,79.0125,10.470429,0.024932861,2934.515,42.942,270.6202,0.0,274.5218,P5,261.10418701171875,,242.20184
2022-03-30 12:06:40,73.323814,-146.66231,123.17631,219.9861,79.028404,10.157702,0.024932861,2951.2705,43.600628,269.83862,0.0,274.27933,P5,263.58673095703125,,241.43764
2022-03-30 15:31:40,-46.056847,-158.96912,116.04694,112.91227,78.75054,8.492267,0.012054443,2939.5103,27.57081,275.01605,0.0,162.31917,P5,140.4830780029297,,144.61316
2022-03-30 15:33:20,-45.15132,-158.74304,116.333496,113.591736,78.732254,8.825066,0.012054443,2933.685,26.10082,275.07654,0.0,160.15973,P5,139.6925506591797,,144.13611
2022-03-30 15:35:00,-43.33547,-156.40175,117.378845,113.06627,78.70712,9.2719755,0.012054443,2937.011,25.235403,273.7806,0.0,157.31537,P5,138.3016815185547,,142.78494
2022-03-30 15:36:40,-41.558456,-153.62112,117.792755,112.062645,78.68093,9.718671,0.012936707,2934.6262,25.67611,271.41388,0.0,154.47937,P5,137.73875427246094,,143.80037
2022-03-30 15:38:20,-43.098854,-151.57211,117.985,108.47325,78.652,10.161869,0.0138549805,2942.0918,27.136158,269.5571,0.0,151.59938,P5,135.60940551757812,,139.24223
2022-03-30 15:40:00,-63.91377,-146.40616,119.25824,82.4924,78.62286,10.600974,0.0138549805,2935.0706,51.04302,265.66443,69.85,148.6614,P5,133.53541564941406,,138.49753
2022-03-30 15:41:40,-96.30571,-129.07733,120.1878,32.77162,78.60092,10.929501,0.0138549805,2932.2405,98.456436,249.26512,127.0,146.45346,P5,131.2280731201172,,133.64642
2022-04-01 13:51:40,19.094807,-137.8178,106.43939,156.9126,78.891266,11.84612,0.0,2807.3552,74.72203,244.2572,127.0,250.2478,P5,231.6346435546875,,267.90805
2022-04-01 13:53:20,21.070396,-122.51094,109.949875,143.58133,78.844696,12.099375,0.0,2798.834,90.95777,232.4608,127.0,248.99777,P5,234.5391082763672,,258.24097
2022-04-01 13:55:00,-14.635965,-111.831696,108.87601,97.19573,78.78274,12.412284,0.0,2809.9922,141.73679,220.70772,127.0,248.28017,P5,238.93251037597656,,276.59857
2022-04-01 13:56:40,-48.90511,-107.898926,107.99635,58.99381,78.73287,12.62494,0.0,2770.583,155.56079,215.89526,127.0,247.2013,P5,214.55459594726562,,235.02992
2022-04-04 13:51:40,48.47544,-150.88612,118.45356,199.36154,78.65247,9.604489,0.0362854,2879.1987,48.008076,269.3397,0.0,277.02628,P5,247.36964416503906,,246.18411
2022-04-04 13:53:20,52.187466,-149.76514,118.02624,201.95262,78.63553,9.888664,0.0362854,2879.5264,46.297543,267.7914,0.0,275.7042,P5,248.25015258789062,,254.10149
2022-04-04 13:55:00,48.32359,-147.92018,117.26752,196.2438,78.610886,10.267669,0.0362854,2875.232,51.98976,265.1877,0.0,273.9747,P5,248.23355102539062,,247.44638
2022-04-04 13:56:40,25.538826,-146.10564,117.00525,171.64447,78.592094,10.553551,0.0362854,2878.1907,76.15275,263.11093,0.0,272.67847,P5,247.7971954345703,,250.57397
2022-04-05 09:41:40,110.35635,-130.90779,140.54639,241.2641,78.31842,14.4855175,0.009490967,1722.5345,51.283123,271.4542,50.97222,319.5048,P5,292.5472412109375,,301.65527
2022-04-05 09:43:20,28.347015,-118.65613,140.89372,147.00316,78.33753,14.245587,0.009490967,1725.1226,150.61418,259.54987,127.0,319.30817,P5,297.6173095703125,,317.00467
2022-04-05 09:45:00,-49.147266,-106.74102,140.57632,57.59376,78.36419,13.963158,0.009490967,1740.7786,247.36742,247.31735,127.0,319.2869,P5,304.961181640625,,340.86942
2022-04-05 09:46:40,-54.574097,-102.82916,140.24579,48.255077,78.38681,13.67141,0.0056777955,1751.2607,254.00404,243.07498,127.0,319.1289,P5,302.2591552734375,,318.82858
2022-04-05 09:48:20,-29.931318,-102.9597,140.64445,73.02838,78.403435,13.45329,0.0017089844,1758.588,230.51341,243.60414,127.0,318.98453,P5,303.5417785644531,,306.19614
2022-04-05 09:50:00,-21.634758,-110.09454,139.48236,88.45979,78.40522,13.299025,0.0017089844,1751.5875,216.84505,249.5769,127.0,319.7444,P5,305.30487060546875,,317.68387
2022-04-05 09:51:40,-54.893673,-108.430626,140.57135,53.536945,78.42802,13.154732,0.0017281557,1742.1833,254.1659,249.002,127.0,319.29544,P5,307.702880859375,,334.06952
2022-04-05 09:53:20,-36.23891,-109.651054,140.96187,73.41214,78.45069,12.896715,0.001739502,1736.1555,231.17403,250.61292,127.0,318.97607,P5,304.58612060546875,,320.0333
2022-04-05 09:55:00,-12.209299,-109.30303,140.96283,97.093735,78.46789,12.67285,0.001739502,1737.9458,206.39166,250.26588,127.0,318.80142,P5,303.4854431152344,,327.09888
2022-04-05 09:56:40,20.528685,-114.43302,137.79637,134.96172,78.47155,12.454805,0.025604248,1762.9232,161.72197,252.22942,127.0,319.4933,P5,296.6836853027344,,253.6513
2022-04-05 09:58:20,88.4877,-131.3967,139.50381,219.88441,78.485535,12.212414,0.025604248,1762.9744,76.565346,270.9005,5.08,319.46216,P5,296.4497375488281,,296.7414
2022-04-05 10:00:00,104.015114,-133.07428,139.84503,237.0894,78.504364,11.801922,0.025604248,1754.4247,64.97002,272.9193,33.79,318.94812,P5,302.0594482421875,,297.83206
2022-04-05 10:01:40,47.408436,-122.00474,140.55164,169.41316,78.51396,11.493214,0.025604248,1737.8007,134.16716,262.55637,127.0,318.58658,P5,303.580322265625,,285.90884
2022-04-05 13:31:40,0.5491296,-136.29973,111.01074,136.84885,78.59159,11.251012,0.009674072,2879.1748,139.60364,247.31047,127.0,301.58148,P5,276.4524841308594,,293.24347
2022-04-05 13:33:20,43.30469,-144.35373,111.12993,187.65842,78.57165,11.54339,0.009674072,2888.4866,86.960335,255.48367,57.91,300.5236,P5,274.6187438964844,,288.57184
2022-04-05 13:35:00,72.38076,-151.4319,111.04611,223.81268,78.54482,11.936306,0.009674072,2878.6265,49.064064,262.478,3.87,298.88763,P5,272.8767395019531,,292.16843
2022-04-05 13:36:40,35.80836,-149.6605,111.627014,185.46887,78.52206,12.232144,0.009674072,2872.6816,85.86752,261.2875,2.490196,297.6277,P5,271.33636474609375,,287.01062
2022-04-05 13:45:00,-28.282177,-103.36561,148.11093,75.08344,78.34777,14.135857,0.012023926,1373.8955,182.41849,251.47656,127.0,272.45328,P5,257.5019226074219,,256.93192
2022-04-05 13:46:40,49.599575,-113.84812,155.02132,163.4477,78.33017,14.363424,0.01986602,1142.6631,86.685776,268.86945,109.34344,268.4568,P5,250.13343811035156,,247.64806
2022-04-05 13:48:20,91.6918,-116.84297,159.92986,208.53476,78.31941,14.576114,0.028198242,947.72614,37.09842,276.7728,0.0,264.514,P5,245.63314819335938,,255.64644
2022-04-05 13:50:00,84.91299,-114.70499,167.72284,199.61797,78.2989,14.994567,0.028198242,534.7887,36.218594,282.42783,0.0,254.7328,P5,235.83657836914062,,240.36745
2022-04-10 09:15:00,159.87341,-78.06624,200.17134,237.93965,78.24617,15.408227,0.0077819824,29.866999,29.68107,278.2376,127.0,319.48044,P5,267.6207275390625,,239.09758
2022-03-28 11:41:40,59.518097,-128.3712,142.65384,187.88928,78.19085,14.196566,0.0138549805,1424.74,56.371513,271.025,0.0,264.83145,P6,244.2608184814453,,212.82292
2022-03-28 11:43:20,65.791534,-136.66457,141.59799,202.4561,78.16761,13.8074465,0.0138549805,1381.2764,41.36366,278.26257,100.26316,264.59598,P6,243.8197479248047,,255.9929
2022-03-28 11:45:00,53.57705,-140.40062,142.29631,193.97766,78.15351,13.617928,0.0138549805,1388.7012,40.391514,282.69693,29.50505,265.07697,P6,234.36915588378906,,215.13268
2022-03-28 11:46:40,51.36629,-142.01492,142.4654,193.35199,78.13819,13.385442,0.0138549805,1393.9885,37.056206,284.48032,0.0,265.4416,P6,230.9303741455078,,224.28014
2022-03-30 15:01:40,-33.92837,-180.62575,86.14291,146.6974,78.62337,9.806083,0.03652954,4007.2974,39.736736,266.76868,0.0,192.35132,P6,186.43409729003906,,166.72382
2022-03-30 15:05:00,-57.520714,-162.61632,99.65688,105.0956,78.564606,10.741933,0.03652954,3522.2717,73.531906,262.2732,46.892307,183.84277,P6,178.62750244140625,,174.33612
2022-03-30 15:06:40,-88.601974,-148.01445,100.28799,59.412483,78.54738,10.990945,0.03652954,3510.8628,117.120995,248.30244,127.0,182.19164,P6,176.5334930419922,,167.27908
2022-04-01 09:26:40,-55.118763,-117.99258,100.87595,62.873817,78.533966,14.02278,0.010894775,2782.607,224.139,218.86852,127.0,288.07214,P6,287.0128173828125,,317.38733
2022-04-01 09:28:20,-66.69496,-117.82385,100.243385,51.128883,78.583755,13.772051,0.010894775,2775.5068,236.07617,218.06725,127.0,287.25928,P6,287.205078125,,283.74817
2022-04-01 09:30:00,-77.03846,-120.25554,98.82325,43.217083,78.65271,13.435028,0.010894775,2769.921,242.56787,219.0788,127.0,286.1854,P6,285.78497314453125,,283.36102
2022-04-01 09:31:40,-59.541073,-121.31227,99.84526,61.771214,78.702415,13.165258,0.0076630423,2770.3567,221.80055,221.15753,127.0,285.13516,P6,283.5718078613281,,295.01987
2022-04-01 09:33:20,-32.650112,-118.40777,100.7284,85.75766,78.77109,12.794114,0.0018920898,2772.1116,196.3626,219.13615,127.0,284.4721,P6,282.12030029296875,,289.17395
2022-04-01 09:35:00,-34.266117,-121.310196,100.11486,87.044075,78.817986,12.528297,0.0018920898,2767.9998,193.63705,221.42503,127.0,283.58688,P6,280.6811218261719,,282.23517
2022-04-01 09:36:40,-1.8972473,-125.72964,99.752655,123.832375,78.86086,12.28241,0.0018920898,2766.832,154.80447,225.4823,127.0,282.5902,P6,278.6368408203125,,277.31192
2022-04-05 09:48:20,86.08811,-135.72026,136.6481,221.80836,78.33057,14.434965,0.009490967,1748.51,84.878555,272.36835,103.070175,322.112,P6,306.68695068359375,,321.42392
2022-04-05 09:50:00,15.089742,-122.50908,135.96417,137.59883,78.3456,14.255051,0.009490967,1750.2302,171.91402,258.4732,127.0,321.89886,P6,309.5128173828125,,316.6749
2022-04-05 09:51:40,-58.246918,-109.83795,136.26634,51.80661,78.38806,13.728133,0.005692749,1745.3651,259.18643,246.10428,127.0,321.12628,P6,310.6318054199219,,318.48148
2022-04-05 09:53:20,-46.50455,-113.59805,136.54633,67.09351,78.41576,13.318728,0.001739502,1757.2312,242.6497,250.1444,127.0,320.66876,P6,309.7431945800781,,309.82434
2022-04-05 09:55:00,-56.549557,-118.20922,137.3452,61.659668,78.44604,12.911841,0.001739502,1752.5226,246.47273,255.55438,127.0,320.06552,P6,308.1324157714844,,309.2844
2022-04-05 09:56:40,15.181273,-120.58909,137.70627,135.77036,78.474205,12.537091,0.014313401,1745.5397,169.15997,258.29535,111.97849,319.48175,P6,304.93035888671875,,319.48395
2022-04-05 09:58:20,97.125534,-143.89972,137.6548,241.02527,78.4912,12.184676,0.025604248,1737.6078,61.110264,281.55453,0.0,319.0059,P6,302.13555908203125,,315.92694
2022-04-05 10:00:00,87.33054,-139.68117,138.0457,227.01167,78.507416,11.816067,0.025604248,1731.0089,74.45279,277.72687,28.61,318.74304,P6,301.4644775390625,,315.2196
2022-04-05 10:01:40,39.22637,-128.77342,138.02737,168.84538,78.51709,11.537989,0.025604248,1731.2819,139.84068,266.8008,122.09804,318.59125,P6,301.5892333984375,,318.37653
2022-04-05 13:46:40,-56.458588,-131.48459,123.66214,75.026,78.591415,10.883446,0.009674072,2299.0146,201.37766,255.1467,127.0,287.54565,P6,276.4036560058594,,267.73593
2022-04-05 13:48:20,11.401651,-133.90733,123.6778,145.309,78.56902,11.175376,0.009674072,2297.5881,129.27977,257.58514,127.0,286.32288,P6,274.5887451171875,,271.7857
2022-04-05 13:50:00,63.17684,-144.28793,123.82844,207.46477,78.5355,11.561911,0.009674072,2296.425,64.55178,268.1164,86.69,284.6963,P6,272.0165710449219,,265.88013
2022-04-05 13:51:40,71.10458,-149.74515,124.42205,220.7588,78.49978,11.945484,0.004933777,2295.9563,49.929554,274.16718,5.24,283.08673,P6,270.12237548828125,,259.943
2022-04-05 13:53:20,-20.882607,-135.51457,123.70773,114.631966,78.46559,12.328458,0.0,2294.857,156.78195,259.2223,41.4,281.2553,P6,271.41387939453125,,263.38455
2022-04-05 13:55:00,-60.75128,-122.786316,124.11367,62.03502,78.447365,12.543166,0.0,2235.6042,208.07289,246.89998,127.0,279.58517,P6,270.10791015625,,252.17189
2022-04-05 13:58:20,-32.663376,-96.088936,150.85109,63.42557,78.355385,13.531408,0.006011963,1287.7795,190.34656,246.94006,127.0,263.06607,P6,253.7721405029297,,244.70296
2022-04-05 14:00:00,-43.52025,-97.14362,152.39587,53.623367,78.33329,13.754874,0.006011963,1171.9891,196.88205,249.53947,127.0,260.55273,P6,250.5054168701172,,240.44588
2022-04-05 14:01:40,-14.7760725,-103.444115,155.1316,88.66806,78.301384,14.079217,0.014466286,1132.5726,156.67041,258.5757,127.0,258.37573,P6,245.3385009765625,,228.41998
2022-04-05 14:03:20,66.41029,-125.37768,155.34137,191.78796,78.27965,14.380743,0.024047852,1130.3052,48.975986,280.71906,44.15942,256.56357,P6,240.7639617919922,,235.51378
2022-04-05 14:05:00,73.38031,-123.26756,161.57874,196.64786,78.26427,14.661646,0.024047852,829.8589,37.21436,284.84628,0.0,250.2831,P6,233.8622589111328,,231.01884
2022-04-08 14:36:40,4.164613,-155.85623,92.075676,160.02084,78.47655,11.585367,0.027282715,3442.907,112.455734,247.93192,127.0,280.07178,P6,272.4765625,,234.7939
2022-04-08 14:38:20,40.807686,-162.83041,93.690636,203.63809,78.45948,11.894234,0.027282715,3426.8298,65.9754,256.52106,95.061226,278.2085,P6,269.6134948730469,,252.98094
